[
  {
    "name" : "Snowy Landscape",
    "swatches" : [
      {
        "hue" : 0.54040402173995972,
        "saturation" : 0.15942029654979706,
        "brightness" : 0.81176471710205078,
        "alpha" : 1,
        "colorSpace" : 0
      },
      {
        "hue" : 0.80000001192092896,
        "saturation" : 0.05780346691608429,
        "brightness" : 0.67843139171600342,
        "alpha" : 1,
        "colorSpace" : 0
      },
      {
        "hue" : 0.64583331346511841,
        "saturation" : 0.18604651093482971,
        "brightness" : 0.67450982332229614,
        "alpha" : 1,
        "colorSpace" : 0
      },
      {
        "hue" : 0.63666665554046631,
        "saturation" : 0.4761904776096344,
        "brightness" : 0.4117647111415863,
        "alpha" : 1,
        "colorSpace" : 0
      },
      {
        "hue" : 0.62152779102325439,
        "saturation" : 0.57831323146820068,
        "brightness" : 0.32549020648002625,
        "alpha" : 1,
        "colorSpace" : 0
      },
      null,
      null,
      null,
      null,
      null,
      {
        "hue" : 0.64492756128311157,
        "saturation" : 0.11855670064687729,
        "brightness" : 0.7607843279838562,
        "alpha" : 1,
        "colorSpace" : 0
      },
      {
        "hue" : 0,
        "saturation" : 0,
        "brightness" : 0.82745099067687988,
        "alpha" : 1,
        "colorSpace" : 0
      },
      {
        "hue" : 0.62931036949157715,
        "saturation" : 0.34117648005485535,
        "brightness" : 0.66666668653488159,
        "alpha" : 1,
        "colorSpace" : 0
      },
      null,
      null,
      null,
      null,
      null,
      null,
      null,
      {
        "hue" : 0.65104168653488159,
        "saturation" : 0.23703703284263611,
        "brightness" : 0.52941179275512695,
        "alpha" : 1,
        "colorSpace" : 0
      },
      {
        "hue" : 0.83333331346511841,
        "saturation" : 0.10370370000600815,
        "brightness" : 0.52941179275512695,
        "alpha" : 1,
        "colorSpace" : 0
      },
      {
        "hue" : 0.66666668653488159,
        "saturation" : 0.48648649454116821,
        "brightness" : 0.29019609093666077,
        "alpha" : 1,
        "colorSpace" : 0
      },
      {
        "hue" : 0.69999998807907104,
        "saturation" : 0.27777779102325439,
        "brightness" : 0.14117647707462311,
        "alpha" : 1,
        "colorSpace" : 0
      },
      {
        "hue" : 0.95061731338500977,
        "saturation" : 0.38571429252624512,
        "brightness" : 0.27450981736183167,
        "alpha" : 1,
        "colorSpace" : 0
      },
      null,
      null,
      null,
      null,
      null
    ]
  }
]